Workbook

Sheet 说明
A1: 条目 | B1: 内容
A2: 目标 | B2: 《怪物猎人:旅人》手机→PC端的功能差异清单与工作量评估。范围:输入与操控、快捷键显示、界面UIUX、画面与性能
A3: 对照组 | B3: A:旅人(手机)↔荒野(PC);B:鸣潮(手机)↔鸣潮(PC);补充:原神/星铁/绝区零端手同服、崛起掌机→PC、Steam Deck与Xbox掌机规范
A4: 使用方式 | B4: 主表=「全量清单」,按大类/子类/优先级筛选;工作量改动只改K~O列或「假设参数」,汇总自动重算
A5: 估算口径 | B5: 单位人天;首版实现(不含多轮迭代);假设客户端已有UI框架但未做PC适配;汇总页含风险系数
A6: 角色 | B6: 策划/交互 | UI美术 | 客户端程序 | TA/引擎 | QA
A7: 复杂度 | B7: S<3人天 | M 3~10 | L 10~30 | XL >30
A8: 蓝色数字 | B8: 「假设参数」中的蓝色数字为可调输入,修改后相关行与汇总自动变化
A9: 冲突1 | B9: 鸣潮闪避/跳跃:NTGame记闪避=空格;百度知道记跳跃=空格、闪避=Shift
A10: 冲突2 | B10: 鸣潮切换角色:1/2/3 vs F1~F4,疑为版本差异
A11: 冲突3 | B11: 鸣潮钩索:鼠标中键 vs Tab
A12: 冲突4 | B12: 荒野集中弱点攻击/救难信号/投射器发射仍待确认
A13: 最大不确定性 | B13: ①旅人引擎与现有输入/UI框架状态 ②实际界面数量 ③武器数量 ④是否上Steam(决定Steam Deck/Steam Input相关项)

Sheet PCfeatureLsit
A1: 特性需求 | E1: 需求描述 | F1: 对照与标记(绿=本次新增,蓝=本次改写为通用检查清单)
A3: Feature Team Scope | B3: Super-Epic | C3: Epic | D3: Summary | F3: 对照全量清单编号 | G3: 本次标记 | H3: 备注
A4: Cross相关 | B4: 场景资产 | C4: 场景资产迁移 | D4: 地形cross,并确保打包正常 | E4: 让打包后的PC和手机内存和内容能够完全隔离 | F4: 4.3.6
D5: PCG Cross,并确保打包正常 | F5: 4.3.6
D6: 贴花cross,并确保打包正常 | F6: 4.3.6
C7: 配置检查 | D7: 内容隔离后的资产管理规则设计 | F7: 4.3.6
B8: PC灯光 | C8: 场景灯光相关 | D8: 场景Cross,并确保打包正常 （关卡、资产、材质） | F8: 4.1.3
C9: 配置检查 | D9: 检查PC灯光配置与手机端隔离,PC端独立光照质量档位 | F9: 4.1.3
B10: 角色资产 | C10: 角色模型资产迁移 | D10: 角色高精度模型/LOD/贴图迁移至PC包,与手机包隔离 | F10: 4.1.2
C11: 配置刷新 | D11: 刷新角色资产平台配置(LOD、材质质量档) | F11: 4.1.2
B12: 动画资产 | C12: 动画资产迁移 | D12: 动画资产迁移PC;验证120/144帧下动画插值、判定与表现 | F12: 4.2.4
C13: 配置刷新 | D13: 刷新动画压缩、采样率等平台配置
B14: 特效资产 | C14: 特效资产迁移 | D14: 特效资产迁移PC,按画质档分级 | F14: 4.1.2
C15: 相关配置刷新 | D15: 刷新特效LOD、粒子数量上限等平台配置 | F15: 4.1.2
B16: 剧情过场 | C16: CutScene | D16: 过场高码率/高分辨率输出,超宽屏黑边与HUD处理 | F16: 4.3.7,4.3.8
C17: sequence | D17: 实时过场sequence在高帧率/超宽屏下的相机与表现校验 | F17: 4.3.7
C18: PCGDialogue剧情 | D18: 对话推进/自动/跳过/回看的键鼠手柄快捷键与提示 | F18: 2.2.6
B19: 工具需求 | C19: Cross资产迁移工具 | D19: 批量迁移、平台标记与PC/手机资产差异比对工具
C20: 策划配置检查工具 | D20: 检查PC/手机配置隔离、按键绑定与按键提示配置的完整性
A21: 基建支持 | B21: 引擎相关 | D21: PC输入API、窗口/显示模式、着色器预编译、超分/帧生成、低延迟等引擎侧支持 | F21: 1.1.5,3.1.5,4.2.5,4.1.5,4.2.2
C22: 光线追踪 | D22: 可选光追 | F22: 4.1.6
C23: 菜单/后台限帧 | D23: 菜单与后台降帧 | F23: 4.2.6
B24: 美术相关 | D24: UI与图标资源高清化;Xbox/DualSense/键鼠三套按键图标资源 | F24: 3.1.8,2.4.2
B25: 性能专项 | C25: 性能Benchmark | D25: 3060 | F25: 4.3.1,4.3.5
C26: 内存/显存/流式加载 | D26: 资源分包、占用监控、流式加载 | F26: 4.3.2
C27: 长时运行稳定性 | D27: 显存泄漏/性能漂移 | F27: 4.3.3
B28: 环境交互专项 | D28: 滑索/弹射器/鼓风机等建造交互的键鼠手柄输入与提示 | F28: 1.2.6,2.2.2
B29: 数据与稳定性 | C29: 数据埋点 | D29: 输入设备占比(键鼠/手柄)、PC硬件分布、帧率性能、改键与设置项选择率 | G29: 新增 | H29: 用于后续调整默认键位与画质档位
C30: 崩溃上报与配置检测 | D30: 崩溃文件收集、显卡驱动版本检测、低于最低配置时提示 | G30: 新增
A31: 端手功能 体验差异 | B31: 通用 | C31: 快捷键显示逻辑 | D31: 在主界面、交互界面、系统界面等合适的地方显示各类快捷键的ICON | E31: 特殊需求，11月PC展示视频相关 | F31: 2.1.1,2.1.2,2.2.1,2.2.3,2.3.2
C32: 3C操作提示 | D32: 在主界面常驻显示当前可以执行的角色3D操作功能键 | E32: 特殊需求，11月PC展示视频相关 | F32: 2.1.1,3.2.1
C33: 键鼠/手柄 | D33: 键盘鼠标快捷键自适应切换显示 | F33: 1.1.2,2.4.1,2.4.4
C34: 快捷键自定义功能 | D34: 键鼠+手柄改键界面、冲突检测、恢复默认、分设备保存 | F34: 1.5.1,1.5.4,1.5.5
C35: 输入设备谱系 | D35: 确定PC端设备矩阵:键鼠+Xbox/DualSense/第三方手柄,是否含陀螺仪/震动 | F35: 1.1.1
C36: 多显示器/串流下设备判定 | D36: 输入设备与显示设备解耦,避免串流/多屏误判 | F36: 1.1.3
C37: 手柄型号识别 | D37: 按VID/PID识别Xbox/DualSense/Switch Pro,未知手柄回退Xbox图标 | F37: 1.1.4
C38: PC触屏设备(触屏笔记本/二合一) | D38: 决定PC端是否保留触屏UI作为第三输入模式 | F38: 1.1.7
C39: 连段同键提示 | D39: 明确同一键连按的提示 | F39: 2.1.3
C40: 提示随改键实时更新 | D40: 提示读取当前绑定动态生成,禁止写死贴图 | F40: 2.1.4
C41: 弹窗确认/取消提示 | D41: 所有弹窗键帽提示 | F41: 2.2.5
C42: Tooltip内键位提示 | D42: tooltip内嵌键帽 | F42: 2.2.7
C43: 系统菜单入口 | D43: 战斗中也可Esc呼出 | F43: 2.3.1
C44: 提示显示/隐藏开关 | D44: 提示显隐开关 | F44: 2.3.4
... C49: UI布局模式切换 | D49: 自动切换 vs 手动模式,或两者兼有 | F49: 2.4.9
C50: 三端输入功能对等 | D50: 所有功能都能通过键鼠、手柄、触屏完成,不存在只能用某一种输入操作的功能;建立「功能×输入方式」对照验收表 | G50: 新增 | H50: 参考原神:手柄/触屏只能快捷关闭主界面UI、不能快捷打开
C51: 移动端外接键鼠/手柄 | D51: iPad/安卓平板外接键鼠或手柄时,自动切换键位与按键提示,复用PC输入抽象层 | F51: 1.1.6 | G51: 新增 | H51: 参考原神:安卓平板接键鼠后自动映射为PC键位
B52: 设置 | C52: 画质设置 | D52: 预设档+按硬件自动推荐、渲染比例、纹理/阴影/特效分档、抗锯齿、动态分辨率、帧率上限与垂直同步、DLSS/FSR | F52: 4.1.1,4.1.2,4.1.4,4.1.5,4.1.7,4.1.9,4.2.1
C53: 屏幕分辨率 | D53: 分辨率、全屏/无边框/窗口、多显示器与刷新率、超宽屏适配 | F53: 3.1.2,3.1.5,3.1.6
C54: 游戏性 | D54: 鼠标灵敏度/摇杆死区、震动、辅助锁定开关、Y轴反转、按住/切换 | F54: 1.5.2,1.5.3,1.5.7
C55: 音频支持 | D55: 输出设备选择、失焦/后台静音、立体声/环绕声 | F55: 3.5.1
C56: 自定义按键 | F56: 1.5.1
C57: 键位预设与云同步 | D57: 2~3套预设,配置随账号云同步 | F57: 1.5.6
C58: UI缩放 | D58: UI缩放、HUD大小、透明度 | F58: 3.1.3
C59: HDR/亮度校准 | D59: HDR+亮度/Gamma校准 | F59: 4.1.8
C60: 性能监控 | D60: 内置帧率/延迟监控 | F60: 4.2.3
C61: 战斗辅助选项与快捷预设 | D61: 手机端的战斗简化(同键连段、自动锁定部位、技能辅助)在PC做成可选项;提供「便捷/进阶」一键预设,进阶模式拆为独立按键;预设下各项可单独调整 | F61: 1.5.3 | G61: 新增 | H61: 决策:让玩家自己选择,提供快捷选项;参考燕云十六声手机端「技能辅助」
B62: 镜头&索敌 | C62: # 基础参数定义 | D62: 基本相机参数，平视，俯视，仰视，视角空间补正及摄像机摇臂，及系统设置中镜头的支持玩家自定义的参数范围 | E62: #PC默认视距、FOV调整、角色不再需要一直维持在屏幕中间 （设置中开放设置选项，默认值与手游端不一致） | F62: 4.3.4,1.2.5
C63: #锁定镜头 | D63: 锁定状态下的镜头运动规则，以及该状态下的避障、显示辅助功能。新增无锁镜头、锁定怪头身镜头、新增点击指定按钮看向怪物 | E63: #PC的镜头锁定交互与手机差异，PC默认无锁定 | F63: 1.2.5,1.5.3
C64: 锁定部位切换 | D64: PC默认不锁定时,提供锁定键(如鼠标中键/R3)与部位切换(滚轮/右摇杆拨动),与战斗辅助选项联动 | F64: 1.2.5 | G64: 新增 | H64: 旅人手机端长按锁定部位是核心操作
B65: 键鼠专项 | C65: 操作差异 | D65: 鼠标移动操作摄像机视角 | F65: 1.4.3,1.3.12
C66: 走/跑切换 | D66: 键盘无模拟量,需走跑切换键 | F66: 1.2.9
C67: 鼠标右键语义 | D67: 右键在战斗/菜单两种场景的分工 | F67: 1.3.2
C68: 长按 vs 点按 | D68: 长按类操作的键鼠等价与判定阈值 | F68: 1.3.4
C69: 组合键表达 | D69: 组合动作的组合键/侧键映射 | F69: 1.3.5
C70: 系统键冲突(Win/Alt+Tab/输入法) | D70: 游戏内禁用IME、可选屏蔽Win键、Alt+Tab失焦处理 | F70: 1.3.11
C71: 点按 | D71: 依赖1.1.6抽象层 | F71: 1.4.1
C72: 长按 | D72: 长按左键或独立键,可重映射 | F72: 1.4.2
C73: 多点触控 | D73: 多键同按的输入缓冲 | F73: 1.4.4
C74: 双指缩放/旋转 | D74: 滚轮缩放+拖拽旋转 | F74: 1.4.5
C75: 虚拟摇杆幅度 | D75: WASD+走跑切换,手柄摇杆模拟量 | F75: 1.4.6
B76: 手柄专项 | C76: 操作差异 | D76: R3操作摄像机视角 | F76: 1.4.3
C77: 手柄可访问全部内容 | D77: 盘点触屏专属操作,保证手柄均有路径 | F77: 1.6.1
C78: 手柄界面快捷操作规范 | D78: 全局手柄UI键规范 | F78: 1.6.3
C79: 手柄高级特性 | D79: 震动波形、自适应扳机、陀螺仪(选做) | F79: 1.6.4
C80: 手柄轮盘 | D80: 道具、建造物、武器切换用轮盘选择:按住呼出、摇杆选择、松开确认 | G80: 新增 | H80: 参考原神手柄轮盘
A81: 交互专项 | B81: 通用功能 | C81: 交互逻辑框架 | D81: 设计手机转端游的交互逻辑框架 | F81: 1.1.6
C82: ESC功能支持 | D82: ESC返回栈:关弹窗→关界面→呼出系统菜单,逐级回退 | F82: 1.3.1
C83: 键鼠差异功能 | D83: 鼠标光标模式(锁定/释放)，alt触发鼠标显示 快捷使用道具or返回上级菜单 鼠标悬停状态，选中状态（tips显示） 鼠标滚轮支持，缩放，列表滚动 物品ICON拖拽，双击 | F83: 1.3.9,3.3.1,1.3.3,3.3.3,3.3.5
C84: 手柄差异功能 | D84: 手柄选中（焦点）状态，（tips显示，tips按钮操作） | F84: 1.6.2
C85: 横屏布局基线 | D85: 确定PC布局基线 | F85: 3.1.1
C86: 刘海/安全区逻辑 | D86: 替换为PC安全区 | F86: 3.2.6
C87: 右键返回 | D87: 菜单内右键=返回,与战斗右键区分 | F87: 3.3.2
C88: 点击热区/光标样式 | D88: 热区、命中反馈、光标样式 | F88: 3.3.4
C89: 滚动条与分页 | D89: 长列表加滚动条 | F89: 3.3.8
C90: 截图/拍照模式 | D90: 截图键、拍照模式键鼠操作、隐藏UI | F90: 3.5.2
C91: 退出确认(Alt+F4) | D91: 关闭窗口确认/安全存档 | F91: 3.5.3
C92: 手机系统能力的PC替代 | D92: 分享微信/QQ→二维码或复制链接;扫码→PC替代方案;保存到相册→本地截图目录;推送通知→游戏内/系统通知;手机震动→手柄震动 | G92: 新增 | H92: 手机专属系统能力在PC上没有直接对应
B93: 战斗相关 | C93: 战斗相关HUD | D93: 大屏HUD布局重排;技能图标+键帽+CD同框;隐藏触屏按钮元素 | E93: 特殊需求，11月PC展示视频相关 | F93: 2.1.1,2.1.5,3.2.1,3.2.2,3.2.5
C94: 角色伤害跳字 | D94: 大屏/高分辨率下跳字尺寸、密度与可读性调整 | E94: 特殊需求，11月PC展示视频相关
C95: 角色战斗状态HUD | D95: 体力/耐力/道具状态栏位置(环绕角色 vs 固定角)与大屏可读性 | F95: 3.1.4
C96: 战斗道具推荐 | D96: 推荐道具与数字键快捷栏联动,显示对应快捷键 | F96: 1.3.6,3.2.3
B97: 系统界面改造 | C97: 系统相关HUD | D97: 主界面系统入口图标旁标快捷键,常驻功能键提示 | E97: 特殊需求，11月PC展示视频相关 | F97: 2.1.2,2.3.2
C98: 通用检查清单 | D98: ①悬停与选中态：鼠标悬停/选中高亮,Tips显示 | F98: 3.3.1 | G98: 新增 | H98: 所有系统/玩法界面逐项套用
D99: ②手柄焦点导航：焦点顺序、焦点框样式、返回上级后焦点记忆 | F99: 1.6.2 | G99: 新增 | H99: 所有系统/玩法界面逐项套用
D100: ③界面快捷键：页签切换Q/E(LB/RB)、类别切换、排序/筛选、Tab切换显示方式 | F100: 1.3.7,1.6.3 | G100: 新增 | H100: 所有系统/玩法界面逐项套用
D101: ④底部操作提示栏：确认/返回/翻页等键帽提示,随输入设备自动切换 | F101: 2.2.3 | G101: 新增 | H101: 所有系统/玩法界面逐项套用
D102: ⑤关闭与返回：ESC/鼠标右键/手柄B逐级返回,关闭弹窗与界面 | F102: 1.3.1,3.3.2 | G102: 新增 | H102: 所有系统/玩法界面逐项套用
D103: ⑥滚轮与滚动条：列表滚动、模型/地图缩放;长列表显示滚动条 | F103: 3.3.3,3.3.8 | G103: 新增 | H103: 所有系统/玩法界面逐项套用
D104: ⑦鼠标高级操作(适用时)：拖拽、双击、Shift/Ctrl批量选择、右键上下文菜单 | F104: 3.3.5,3.3.6,3.3.7 | G104: 新增 | H104: 所有系统/玩法界面逐项套用
D105: ⑧大屏适配：布局重排与信息密度、最小字号、多分辨率/超宽屏安全区 | F105: 3.2.4,3.1.7,3.1.2 | G105: 新增 | H105: 所有系统/玩法界面逐项套用
...

Sheet 工作量汇总
A1: 一、按大类 × 角色(人天)
A2: 大类 | B2: 条目数 | C2: 策划/交互 | D2: UI美术 | E2: 客户端 | F2: TA/引擎 | G2: QA | H2: 合计
A3: 1-输入与操控 | B3: =COUNTIF(全量清单!$B$2:$B$131,$A3) | C3: =SUMIFS(全量清单!$K$2:$K$131,全量清单!$B$2:$B$131,$A3) | D3: =SUMIFS(全量清单!$L$2:$L$131,全量清单!$B$2:$B$131,$A3) | E3: =SUMIFS(全量清单!$M$2:$M$131,全量清单!$B$2:$B$131,$A3) | F3: =SUMIFS(全量清单!$N$2:$N$131,全量清单!$B$2:$B$131,$A3) | G3: =SUMIFS(全量清单!$O$2:$O$131,全量清单!$B$2:$B$131,$A3) | H3: =SUM(C3:G3)
A4: 2-快捷键显示 | B4: =COUNTIF(全量清单!$B$2:$B$131,$A4) | C4: =SUMIFS(全量清单!$K$2:$K$131,全量清单!$B$2:$B$131,$A4) | D4: =SUMIFS(全量清单!$L$2:$L$131,全量清单!$B$2:$B$131,$A4) | E4: =SUMIFS(全量清单!$M$2:$M$131,全量清单!$B$2:$B$131,$A4) | F4: =SUMIFS(全量清单!$N$2:$N$131,全量清单!$B$2:$B$131,$A4) | G4: =SUMIFS(全量清单!$O$2:$O$131,全量清单!$B$2:$B$131,$A4) | H4: =SUM(C4:G4)
A5: 3-界面UIUX | B5: =COUNTIF(全量清单!$B$2:$B$131,$A5) | C5: =SUMIFS(全量清单!$K$2:$K$131,全量清单!$B$2:$B$131,$A5) | D5: =SUMIFS(全量清单!$L$2:$L$131,全量清单!$B$2:$B$131,$A5) | E5: =SUMIFS(全量清单!$M$2:$M$131,全量清单!$B$2:$B$131,$A5) | F5: =SUMIFS(全量清单!$N$2:$N$131,全量清单!$B$2:$B$131,$A5) | G5: =SUMIFS(全量清单!$O$2:$O$131,全量清单!$B$2:$B$131,$A5) | H5: =SUM(C5:G5)
A6: 4-画面与性能 | B6: =COUNTIF(全量清单!$B$2:$B$131,$A6) | C6: =SUMIFS(全量清单!$K$2:$K$131,全量清单!$B$2:$B$131,$A6) | D6: =SUMIFS(全量清单!$L$2:$L$131,全量清单!$B$2:$B$131,$A6) | E6: =SUMIFS(全量清单!$M$2:$M$131,全量清单!$B$2:$B$131,$A6) | F6: =SUMIFS(全量清单!$N$2:$N$131,全量清单!$B$2:$B$131,$A6) | G6: =SUMIFS(全量清单!$O$2:$O$131,全量清单!$B$2:$B$131,$A6) | H6: =SUM(C6:G6)
A7: 小计 | B7: =SUM(B3:B6) | C7: =SUM(C3:C6) | D7: =SUM(D3:D6) | E7: =SUM(E3:E6) | F7: =SUM(F3:F6) | G7: =SUM(G3:G6) | H7: =SUM(H3:H6)
A8: ×风险系数 | C8: =C7*假设参数!$B$12 | D8: =D7*假设参数!$B$12 | E8: =E7*假设参数!$B$12 | F8: =F7*假设参数!$B$12 | G8: =G7*假设参数!$B$12 | H8: =H7*假设参数!$B$12
A9: 折合人月 | C9: =C8/假设参数!$B$13 | D9: =D8/假设参数!$B$13 | E9: =E8/假设参数!$B$13 | F9: =F8/假设参数!$B$13 | G9: =G8/假设参数!$B$13 | H9: =H8/假设参数!$B$13
A11: 二、按优先级(人天)
A12: 优先级 | B12: 条目数 | C12: 合计人天 | D12: ×风险系数 | E12: 折合人月 | F12: 说明
A13: P0 | B13: =COUNTIF(全量清单!$I$2:$I$131,A13) | C13: =SUMIFS(全量清单!$P$2:$P$131,全量清单!$I$2:$I$131,A13) | D13: =C13*假设参数!$B$12 | E13: =D13/假设参数!$B$13 | F13: 地基与上线必需:输入抽象层、热切换、图标体系、ESC/光标、HUD提示、焦点导航、帧率与兼容
A14: P1 | B14: =COUNTIF(全量清单!$I$2:$I$131,A14) | C14: =SUMIFS(全量清单!$P$2:$P$131,全量清单!$I$2:$I$131,A14) | D14: =C14*假设参数!$B$12 | E14: =D14/假设参数!$B$13 | F14: 体验关键:界面快捷键规范、鼠标态、大屏重排、改键辅助、画质细项
A15: P2 | B15: =COUNTIF(全量清单!$I$2:$I$131,A15) | C15: =SUMIFS(全量清单!$P$2:$P$131,全量清单!$I$2:$I$131,A15) | D15: =C15*假设参数!$B$12 | E15: =D15/假设参数!$B$13 | F15: 增强项:光追/DLSS、HDR、手柄高级特性、批量/拖拽、键位云同步

Sheet 假设参数
A1: 参数 | B1: 数值 | C1: 说明
A2: 需适配的系统/交互界面数量(个) | B2: 60 | C2: 待内部盘点旅人实际界面数后替换
A3: 手柄焦点导航·单界面客户端人天 | B3: 0.5 | C3: 含焦点顺序、焦点记忆、快捷键位
A4: 手柄焦点导航·单界面QA人天 | B4: 0.15
A5: 鼠标态适配·单界面客户端人天 | B5: 0.25 | C5: 悬停、tooltip、滚轮、右键返回
A6: 快捷键提示接入·单界面UI人天 | B6: 0.15 | C6: 底部操作提示栏排版
A7: 快捷键提示接入·单界面客户端人天 | B7: 0.2 | C7: 绑定读取与刷新
A8: 大屏重排·单界面UI人天 | B8: 0.5 | C8: 仅对需重排的界面,按全部界面粗估
A9: 大屏重排·单界面客户端人天 | B9: 0.3
A10: 武器/角色数量(需出键位方案) | B10: 8 | C10: 旅人实际武器数待确认
A11: 单武器键位方案·策划人天 | B11: 1 | C11: 含键鼠+手柄两套
A12: 风险系数(联调/返工/沟通) | B12: 1.3 | C12: 估算区间约 ±30%
A13: 每人月工作日 | B13: 22

Sheet 全量清单
A1: 编号 | B1: 大类 | C1: 子类 | D1: 功能差异点 | E1: 移动端现状 | F1: PC端参考做法 | G1: 旅人PC需做的适配 | H1: 参考来源 | I1: 优先级 | J1: 复杂度 | K1: 策划/交互 | L1: UI美术 | M1: 客户端 | N1: TA/引擎 | O1: QA | P1: 合计人天 | Q1: 状态 | R1: 备注
A2: 1.1.1 | B2: 1-输入与操控 | C2: 1.1 设备与底层 | D2: 输入设备谱系 | E2: 旅人:纯触屏(虚拟摇杆+按键);鸣潮手机:触屏+可接蓝牙手柄 | F2: 荒野:键鼠+手柄双轨;鸣潮PC:键鼠为主可切手柄,PS5 DualSense适配 | G2: 确定PC端设备矩阵:键鼠+Xbox/DualSense/第三方手柄,是否含陀螺仪/震动 | H2: S6,S1 | I2: P0 | J2: S | K2: 2 | L2: 0 | M2: 1 | N2: 0 | O2: 1 | P2: =SUM(K2:O2) | Q2: 待评审
A3: 1.1.2 | B3: 1-输入与操控 | C3: 1.1 设备与底层 | D3: 键鼠/手柄热切换 | E3: 无 | F3: 鸣潮PC:全局无缝键鼠↔手柄热切换,动一下设备即切对应界面 | G3: 任意I/O输入即激活对应设备并切换整套提示 | H3: S9,S6 | I3: P0 | J3: M | K3: 2 | L3: 0 | M3: 8 | N3: 0 | O3: 4 | P3: =SUM(K3:O3) | Q3: 待评审
A4: 1.1.3 | B4: 1-输入与操控 | C4: 1.1 设备与底层 | D4: 多显示器/串流下设备判定 | E4: 无 | F4: 鸣潮PC:显示设备切换智能判定 | G4: 输入设备与显示设备解耦,避免串流/多屏误判 | H4: S10 | I4: P2 | J4: M | K4: 1 | L4: 0 | M4: 4 | N4: 0 | O4: 3 | P4: =SUM(K4:O4) | Q4: 待评审
A5: 1.1.4 | B5: 1-输入与操控 | C5: 1.1 设备与底层 | D5: 手柄型号识别 | E5: 手机蓝牙手柄常被识别为Xbox | F5: 鸣潮:识别后自动切换图标;DS4Windows伪装时显示Xbox图标 | G5: 按VID/PID识别Xbox/DualSense/Switch Pro,未知手柄回退Xbox图标 | H5: S22 | I5: P0 | J5: M | K5: 1 | L5: 0 | M5: 5 | N5: 0 | O5: 4 | P5: =SUM(K5:O5) | Q5: 待评审
A6: 1.1.5 | B6: 1-输入与操控 | C6: 1.1 设备与底层 | D6: PC输入API接入 | E6: 手机触屏事件 | F6: Xbox推荐GameInput API;Steam Deck推荐Steam Input API | G6: 选型并接入PC输入API(含DualSense原生支持) | H6: S17,S18 | I6: P0 | J6: L | K6: 1 | L6: 0 | M6: 12 | N6: 0 | O6: 4 | P6: =SUM(K6:O6) | Q6: 待评审 | R6: 引擎现状未知,可能已有部分支持
A7: 1.1.6 | B7: 1-输入与操控 | C7: 1.1 设备与底层 | D7: 输入抽象层(Action Mapping)重构 | E7: 触屏按钮直接绑定逻辑 | F7: 荒野/鸣潮:动作→多设备绑定,可重映射 | G7: 触屏按钮→抽象Action→键鼠/手柄/触屏多绑定;是改键、提示、热切换的地基 | H7: S3,S6,EXP | I7: P0 | J7: XL | K7: 5 | L7: 0 | M7: 25 | N7: 0 | O7: 6 | P7: =SUM(K7:O7) | Q7: 待评审 | R7: 工作量最大的底层项
A8: 1.1.7 | B8: 1-输入与操控 | C8: 1.1 设备与底层 | D8: PC触屏设备(触屏笔记本/二合一) | E8: 触屏原生 | F8: Xbox掌机指南:建议保留原生触控 | G8: 决定PC端是否保留触屏UI作为第三输入模式 | H8: S18 | I8: P2 | J8: M | K8: 1 | L8: 1 | M8: 4 | N8: 0 | O8: 2 | P8: =SUM(K8:O8) | Q8: 待评审
A9: 1.2.1 | B9: 1-输入与操控 | C9: 1.2 默认键位映射 | D9: 普通攻击 | E9: 旅人:点按=轻击、长按=重击 | F9: 荒野:△=鼠标左键;鸣潮PC:左键连点连段、长按重击 | G9: 确认点按/长按的键鼠等价表达 | H9: S2,S3,S6 | I9: P0 | J9: S | K9: 1 | L9: 0 | M9: 1 | N9: 0 | O9: 1 | P9: =SUM(K9:O9) | Q9: 待评审
A10: 1.2.2 | B10: 1-输入与操控 | C10: 1.2 默认键位映射 | D10: 技能攻击 | E10: 旅人:3个技能键(核心输出/环境交互/爆发) | F10: 荒野:○=右键;鸣潮PC:E技能/R解放/T回声 | G10: 3技能键映射到独立键位 | H10: S2,S6 | I10: P0 | J10: S | K10: 1 | L10: 0 | M10: 1 | N10: 0 | O10: 1 | P10: =SUM(K10:O10) | Q10: 待评审
A11: 1.2.3 | B11: 1-输入与操控 | C11: 1.2 默认键位映射 | D11: 闪避/受身 | E11: 旅人:闪避键,被打飞后可触发受身 | F11: 荒野:✕=空格;鸣潮PC:空格或Shift(存疑) | G11: 闪避默认键+受身输入 | H11: S1,S3,S6 | I11: P0 | J11: S | K11: 1 | L11: 0 | M11: 1 | N11: 0 | O11: 1 | P11: =SUM(K11:O11) | Q11: 待评审
A12: 1.2.4 | B12: 1-输入与操控 | C12: 1.2 默认键位映射 | D12: 冲刺/疾跑 | E12: 鸣潮手机:冲刺与前进需分开 | F12: 荒野:Shift=冲刺 | G12: 明确前进+冲刺的键鼠实现 | H12: S3,S7 | I12: P0 | J12: S | K12: 1 | L12: 0 | M12: 2 | N12: 0 | O12: 1 | P12: =SUM(K12:O12) | Q12: 待评审
A13: 1.2.5 | B13: 1-输入与操控 | C13: 1.2 默认键位映射 | D13: 视角/锁定/部位锁定 | E13: 旅人:长按锁定键聚焦头/尾部位 | F13: 荒野:B=锁定;鸣潮PC:Tab切换目标 | G13: 鼠标控视角+锁定键+部位切换的键鼠表达 | H13: S1,S3,S6 | I13: P0 | J13: M | K13: 2 | L13: 0 | M13: 5 | N13: 0 | O13: 2 | P13: =SUM(K13:O13) | Q13: 待评审
A14: 1.2.6 | B14: 1-输入与操控 | C14: 1.2 默认键位映射 | D14: 建造/滑索/弹射 | E14: 旅人:制作键→选建造物 | F14: 荒野:钩锁=F;鸣潮PC:钩索=鼠标中键 | G14: 建造独立按键+快速选单 | H14: S1,S3,S6 | I14: P1 | J14: M | K14: 2 | L14: 1 | M14: 3 | N14: 0 | O14: 2 | P14: =SUM(K14:O14) | Q14: 待评审
A15: 1.2.7 | B15: 1-输入与操控 | C15: 1.2 默认键位映射 | D15: 奥义/大招 | E15: 旅人:每角色奥义(冷却) | F15: 鸣潮PC:R=共鸣解放 | G15: 奥义键独立化 | H15: S1,S6 | I15: P0 | J15: S | K15: 1 | L15: 0 | M15: 1 | N15: 0 | O15: 1 | P15: =SUM(K15:O15) | Q15: 待评审
A16: 1.2.8 | B16: 1-输入与操控 | C16: 1.2 默认键位映射 | D16: 使用道具/交互 | E16: 旅人:触屏按钮 | F16: 荒野:E道具、F采集;原神/星铁:F交互 | G16: 统一交互/采集/道具键位 | H16: S3,S14,S15 | I16: P0 | J16: S | K16: 1 | L16: 0 | M16: 1 | N16: 0 | O16: 1 | P16: =SUM(K16:O16) | Q16: 待评审
A17: 1.2.9 | B17: 1-输入与操控 | C17: 1.2 默认键位映射 | D17: 走/跑切换 | E17: 触屏摇杆推幅=走/跑 | F17: 原神:Ctrl切换走/跑 | G17: 键盘无模拟量,需走跑切换键 | H17: S14 | I17: P1 | J17: S | K17: 1 | L17: 0 | M17: 2 | N17: 0 | O17: 1 | P17: =SUM(K17:O17) | Q17: 待评审
A18: 1.2.10 | B18: 1-输入与操控 | C18: 1.2 默认键位映射 | D18: 武器/角色专属键位方案 | E18: 旅人:技能键随武器变化 | F18: 荒野:14武器按键语义重排(远程R2=射击、△=装填) | G18: 每把武器输出键鼠+手柄方案 | H18: S3,S1 | I18: P0 | J18: L | K18: =假设参数!$B$10*假设参数!$B$11 | L18: 0 | M18: 3 | N18: 0 | O18: =假设参数!$B$10*0.5 | P18: =SUM(K18:O18) | Q18: 待评审 | R18: 随武器数线性增长
A19: 1.3.1 | B19: 1-输入与操控 | C19: 1.3 键鼠交互差异 | D19: ESC返回栈 | E19: 触屏返回按钮 | F19: 荒野:Esc/H开始菜单、层层返回;星铁:ESC手机菜单 | G19: 关弹窗→关界面→呼出系统菜单,逐级回退 | H19: S3,S15 | I19: P0 | J19: M | K19: 2 | L19: 0 | M19: 5 | N19: 0 | O19: 3 | P19: =SUM(K19:O19) | Q19: 待评审
A20: 1.3.2 | B20: 1-输入与操控 | C20: 1.3 键鼠交互差异 | D20: 鼠标右键语义 | E20: - | F20: 荒野:右键=特殊攻击;鸣潮:右键=瞄准;星铁:右键=加速 | G20: 右键在战斗/菜单两种场景的分工 | H20: S3,S6,S15 | I20: P0 | J20: S | K20: 1 | L20: 0 | M20: 2 | N20: 0 | O20: 1 | P20: =SUM(K20:O20) | Q20: 待评审
A21: 1.3.3 | B21: 1-输入与操控 | C21: 1.3 键鼠交互差异 | D21: 滚轮语义 | E21: - | F21: 荒野:道具切换/地图缩放;鸣潮/星铁:视角远近 | G21: 滚轮复用规则与冲突规避 | H21: S3,S6,S15 | I21: P1 | J21: S | K21: 1 | L21: 0 | M21: 2 | N21: 0 | O21: 1 | P21: =SUM(K21:O21) | Q21: 待评审
A22: 1.3.4 | B22: 1-输入与操控 | C22: 1.3 键鼠交互差异 | D22: 长按 vs 点按 | E22: 触屏长按 | F22: 鸣潮:重击=长按普攻;荒野:集中模式按一次/长按 | G22: 长按类操作的键鼠等价与判定阈值 | H22: S6,S3 | I22: P0 | J22: M | K22: 1 | L22: 0 | M22: 3 | N22: 0 | O22: 2 | P22: =SUM(K22:O22) | Q22: 待评审
A23: 1.3.5 | B23: 1-输入与操控 | C23: 1.3 键鼠交互差异 | D23: 组合键表达 | E23: - | F23: 荒野:△+○=鼠标侧键1 | G23: 组合动作的组合键/侧键映射 | H23: S3 | I23: P1 | J23: M | K23: 2 | L23: 0 | M23: 3 | N23: 0 | O23: 2 | P23: =SUM(K23:O23) | Q23: 待评审
A24: 1.3.6 | B24: 1-输入与操控 | C24: 1.3 键鼠交互差异 | D24: 快捷栏/数字键 | E24: 触屏快捷轮盘 | F24: 荒野:F1~F8快捷盘、1~0/-/=栏位 | G24: 道具/建造/技能快捷栏的数字键体系 | H24: S3 | I24: P1 | J24: M | K24: 2 | L24: 3 | M24: 4 | N24: 0 | O24: 2 | P24: =SUM(K24:O24) | Q24: 待评审
A25: 1.3.7 | B25: 1-输入与操控 | C25: 1.3 键鼠交互差异 | D25: 界面内翻页/排序快捷键 | E25: 触屏点按 | F25: 荒野:Q/E翻页、G排序、X筛选、Tab切换显示 | G25: 统一全局界面快捷键规范 | H25: S3 | I25: P1 | J25: S | K25: 1 | L25: 0 | M25: 2 | N25: 0 | O25: 1 | P25: =SUM(K25:O25) | Q25: 待评审
A26: 1.3.8 | B26: 1-输入与操控 | C26: 1.3 键鼠交互差异 | D26: 聊天/社交快捷键 | E26: 触屏按钮 | F26: 荒野:Enter聊天、T语音、F9~F11贴图动作、L成员 | G26: 社交类快捷键 | H26: S3 | I26: P1 | J26: S | K26: 1 | L26: 0 | M26: 2 | N26: 0 | O26: 1 | P26: =SUM(K26:O26) | Q26: 待评审
A27: 1.3.9 | B27: 1-输入与操控 | C27: 1.3 键鼠交互差异 | D27: 鼠标光标模式(锁定/释放) | E27: 触屏无光标 | F27: 原神/星铁:探索战斗锁定光标控视角,按住左Alt临时唤出鼠标点UI | G27: 光标锁定/释放规则、Alt唤出、开界面自动释放 | H27: S13,S15 | I27: P0 | J27: M | K27: 2 | L27: 0 | M27: 4 | N27: 0 | O27: 2 | P27: =SUM(K27:O27) | Q27: 待评审 | R27: 之前清单遗漏的关键项
A28: 1.3.10 | B28: 1-输入与操控 | C28: 1.3 键鼠交互差异 | D28: 系统入口快捷键 | E28: 触屏主界面按钮 | F28: 星铁:C角色/B背包/M地图/J任务/F1~F5活动纪行跃迁指南商店 | G28: 各系统入口分配字母/F键 | H28: S15,S14 | I28: P1 | J28: S | K28: 2 | L28: 0 | M28: 2 | N28: 0 | O28: 1 | P28: =SUM(K28:O28) | Q28: 待评审
A29: 1.3.11 | B29: 1-输入与操控 | C29: 1.3 键鼠交互差异 | D29: 系统键冲突(Win/Alt+Tab/输入法) | E29: 无 | F29: Windows:Shift/Ctrl+Shift默认触发输入法切换;Win弹开始菜单 | G29: 游戏内禁用IME、可选屏蔽Win键、Alt+Tab失焦处理 | H29: S19 | I29: P0 | J29: M | K29: 1 | L29: 0 | M29: 4 | N29: 0 | O29: 3 | P29: =SUM(K29:O29) | Q29: 待评审 | R29: Shift作冲刺时必踩坑
A30: 1.3.12 | B30: 1-输入与操控 | C30: 1.3 键鼠交互差异 | D30: 鼠标原始输入与灵敏度曲线 | E30: 触屏滑动 | F30: 荒野/鸣潮:镜头灵敏度可调 | G30: Raw Input、关闭系统加速、X/Y分轴灵敏度 | H30: S6,EXP | I30: P1 | J30: M | K30: 1 | L30: 0 | M30: 4 | N30: 0 | O30: 2 | P30: =SUM(K30:O30) | Q30: 待评审
A31: 1.4.1 | B31: 1-输入与操控 | C31: 1.4 触屏手势→键鼠 | D31: 点按 | E31: 触屏点按 | F31: 左键/面键 | G31: 依赖1.1.6抽象层 | H31: EXP | I31: P0 | J31: S | K31: 0.5 | L31: 0 | M31: 0.5 | N31: 0 | O31: 0.5 | P31: =SUM(K31:O31) | Q31: 待评审
A32: 1.4.2 | B32: 1-输入与操控 | C32: 1.4 触屏手势→键鼠 | D32: 长按 | E32: 触屏长按 | F32: 荒野:长按=侧键2 | G32: 长按左键或独立键,可重映射 | H32: S3 | I32: P0 | J32: S | K32: 0.5 | L32: 0 | M32: 1 | N32: 0 | O32: 0.5 | P32: =SUM(K32:O32) | Q32: 待评审
A33: 1.4.3 | B33: 1-输入与操控 | C33: 1.4 触屏手势→键鼠 | D33: 滑屏转视角 | E33: 触屏滑动 | F33: 鼠标移动/右摇杆 | G33: 滑屏→鼠标/摇杆的灵敏度换算 | H33: S6 | I33: P0 | J33: M | K33: 1 | L33: 0 | M33: 3 | N33: 0 | O33: 1 | P33: =SUM(K33:O33) | Q33: 待评审
A34: 1.4.4 | B34: 1-输入与操控 | C34: 1.4 触屏手势→键鼠 | D34: 多点触控 | E34: 多指同时操作 | F34: 键鼠多指协同 | G34: 多键同按的输入缓冲 | H34: S7 | I34: P1 | J34: S | K34: 0.5 | L34: 0 | M34: 1 | N34: 0 | O34: 1 | P34: =SUM(K34:O34) | Q34: 待评审
A35: 1.4.5 | B35: 1-输入与操控 | C35: 1.4 触屏手势→键鼠 | D35: 双指缩放/旋转 | E35: 双指手势 | F35: 荒野:滚轮缩放、1/3旋转模型 | G35: 滚轮缩放+拖拽旋转 | H35: S3 | I35: P1 | J35: S | K35: 0.5 | L35: 0 | M35: 2 | N35: 0 | O35: 1 | P35: =SUM(K35:O35) | Q35: 待评审
A36: 1.4.6 | B36: 1-输入与操控 | C36: 1.4 触屏手势→键鼠 | D36: 虚拟摇杆幅度 | E36: 轻推走/推满跑 | F36: WASD开关式 | G36: WASD+走跑切换,手柄摇杆模拟量 | H36: EXP | I36: P0 | J36: S | K36: 0.5 | L36: 0 | M36: 1 | N36: 0 | O36: 0.5 | P36: =SUM(K36:O36) | Q36: 待评审
A37: 1.5.1 | B37: 1-输入与操控 | C37: 1.5 重映射与辅助 | D37: 键位自定义界面 | E37: 触屏布局自定义 | F37: 荒野/鸣潮/崛起PC:内置改键 | G37: 键鼠+手柄完整改键界面 | H37: S3,S6,S21 | I37: P0 | J37: L | K37: 3 | L37: 5 | M37: 10 | N37: 0 | O37: 4 | P37: =SUM(K37:O37) | Q37: 待评审
A38: 1.5.2 | B38: 1-输入与操控 | C38: 1.5 重映射与辅助 | D38: 灵敏度/震动 | E38: - | F38: 鸣潮:镜头灵敏度、震动力度 | G38: 鼠标灵敏度、摇杆死区、震动强度 | H38: S6 | I38: P1 | J38: S | K38: 1 | L38: 1 | M38: 2 | N38: 0 | O38: 1 | P38: =SUM(K38:O38) | Q38: 待评审
A39: 1.5.3 | B39: 1-输入与操控 | C39: 1.5 重映射与辅助 | D39: 辅助锁定 | E39: 鸣潮手机:自动锁定;旅人:长按锁定部位 | F39: - | G39: 自动/手动锁定开关、优先部位 | H39: S6,S1 | I39: P1 | J39: M | K39: 2 | L39: 0 | M39: 3 | N39: 0 | O39: 2 | P39: =SUM(K39:O39) | Q39: 待评审
A40: 1.5.4 | B40: 1-输入与操控 | C40: 1.5 重映射与辅助 | D40: 多设备配置独立保存 | E40: - | F40: 鸣潮:切设备后建议重校准 | G40: 每设备独立保存键位/灵敏度 | H40: S6 | I40: P1 | J40: S | K40: 1 | L40: 0 | M40: 2 | N40: 0 | O40: 1 | P40: =SUM(K40:O40) | Q40: 待评审
A41: 1.5.5 | B41: 1-输入与操控 | C41: 1.5 重映射与辅助 | D41: 改键冲突检测/恢复默认 | E41: - | F41: 荒野:主/次要键、不可改键 | G41: 冲突提示、一键恢复、不可改键锁定 | H41: S3 | I41: P1 | J41: M | K41: 1 | L41: 1 | M41: 3 | N41: 0 | O41: 2 | P41: =SUM(K41:O41) | Q41: 待评审
... A44: 1.6.1 | B44: 1-输入与操控 | C44: 1.6 手柄UI导航 | D44: 手柄可访问全部内容 | E44: 触屏点任意位置 | F44: Steam Deck 1.2:默认手柄配置须能访问所有内容 | G44: 盘点触屏专属操作,保证手柄均有路径 | H44: S17 | I44: P0 | J44: M | K44: 3 | L44: 0 | M44: 2 | N44: 0 | O44: 3 | P44: =SUM(K44:O44) | Q44: 待评审
A45: 1.6.2 | B45: 1-输入与操控 | C45: 1.6 手柄UI导航 | D45: UI焦点导航 | E45: 触屏直接点按 | F45: 主机/Steam Deck:菜单内焦点框导航 | G45: 每个界面配焦点顺序、焦点框样式、焦点记忆 | H45: S17,EXP | I45: P0 | J45: XL | K45: 3 | L45: 3 | M45: =假设参数!$B$2*假设参数!$B$3 | N45: 0 | O45: =假设参数!$B$2*假设参数!$B$4 | P45: =SUM(K45:O45) | Q45: 待评审 | R45: 随界面数线性增长
A46: 1.6.3 | B46: 1-输入与操控 | C46: 1.6 手柄UI导航 | D46: 手柄界面快捷操作规范 | E46: 触屏页签点击 | F46: 荒野:L1/R1翻页、L2/R2切类别 | G46: 全局手柄UI键规范 | H46: S3 | I46: P1 | J46: M | K46: 2 | L46: 0 | M46: 4 | N46: 0 | O46: 2 | P46: =SUM(K46:O46) | Q46: 待评审
A47: 1.6.4 | B47: 1-输入与操控 | C47: 1.6 手柄UI导航 | D47: 手柄高级特性 | E47: 手机振动 | F47: NTGame:PS5扳机与陀螺仪参与瞄准反馈 | G47: 震动波形、自适应扳机、陀螺仪(选做) | H47: S6 | I47: P2 | J47: L | K47: 2 | L47: 0 | M47: 8 | N47: 2 | O47: 3 | P47: =SUM(K47:O47) | Q47: 待评审
A48: 1.7.1 | B48: 1-输入与操控 | C48: 1.7 文本输入 | D48: IME中文输入 | E48: 手机系统输入法 | F48: PC:游戏内需处理IME候选框 | G48: 聊天/命名支持IME、候选框定位、输入态屏蔽游戏键 | H48: EXP | I48: P0 | J48: M | K48: 1 | L48: 1 | M48: 5 | N48: 0 | O48: 3 | P48: =SUM(K48:O48) | Q48: 待评审
A49: 1.7.2 | B49: 1-输入与操控 | C49: 1.7 文本输入 | D49: 手柄文本输入(虚拟键盘) | E49: 手机系统键盘 | F49: Steam Deck 3.1;Xbox掌机:仅手柄+虚拟键盘可完成输入 | G49: 手柄唤起虚拟键盘 | H49: S17,S18 | I49: P1 | J49: M | K49: 1 | L49: 2 | M49: 4 | N49: 0 | O49: 2 | P49: =SUM(K49:O49) | Q49: 待评审
A50: 1.7.3 | B50: 1-输入与操控 | C50: 1.7 文本输入 | D50: 聊天框键盘行为 | E50: 触屏 | F50: 荒野:Enter聊天 | G50: Enter发送/Esc取消/复制粘贴/历史 | H50: S3 | I50: P1 | J50: S | K50: 1 | L50: 0 | M50: 2 | N50: 0 | O50: 1 | P50: =SUM(K50:O50) | Q50: 待评审
A51: 2.1.1 | B51: 2-快捷键显示 | C51: 2.1 主界面HUD | D51: 战斗HUD键位提示 | E51: 触屏按钮即提示 | F51: 荒野:提示随武器变化;鸣潮:技能图标+键帽 | G51: 技能旁常驻键鼠/手柄ICON,随武器刷新 | H51: S3,S6 | I51: P0 | J51: M | K51: 2 | L51: 4 | M51: 4 | N51: 0 | O51: 2 | P51: =SUM(K51:O51) | Q51: 待评审
A52: 2.1.2 | B52: 2-快捷键显示 | C52: 2.1 主界面HUD | D52: 常驻功能键提示 | E52: 触屏按钮 | F52: 荒野:角落常驻菜单/地图提示 | G52: 主界面常驻Esc/地图/背包键提示 | H52: S3 | I52: P1 | J52: S | K52: 1 | L52: 2 | M52: 2 | N52: 0 | O52: 1 | P52: =SUM(K52:O52) | Q52: 待评审
A53: 2.1.3 | B53: 2-快捷键显示 | C53: 2.1 主界面HUD | D53: 连段同键提示 | E53: 旅人:同键连按自动切下一段 | F53: - | G53: 明确同一键连按的提示 | H53: S1 | I53: P1 | J53: S | K53: 1 | L53: 1 | M53: 2 | N53: 0 | O53: 1 | P53: =SUM(K53:O53) | Q53: 待评审
A54: 2.1.4 | B54: 2-快捷键显示 | C54: 2.1 主界面HUD | D54: 提示随改键实时更新 | E54: 触屏按钮=固定图 | F54: 荒野/鸣潮:改键后提示同步 | G54: 提示读取当前绑定动态生成,禁止写死贴图 | H54: S3,S6 | I54: P0 | J54: M | K54: 1 | L54: 0 | M54: 4 | N54: 0 | O54: 2 | P54: =SUM(K54:O54) | Q54: 待评审
A55: 2.1.5 | B55: 2-快捷键显示 | C55: 2.1 主界面HUD | D55: CD/能量状态与键帽叠加 | E55: 触屏按钮自带CD遮罩 | F55: 鸣潮PC:技能图标+键帽+CD | G55: CD与键帽同框的视觉规范 | H55: S6 | I55: P1 | J55: M | K55: 1 | L55: 3 | M55: 2 | N55: 0 | O55: 1 | P55: =SUM(K55:O55) | Q55: 待评审
A56: 2.2.1 | B56: 2-快捷键显示 | C56: 2.2 交互界面 | D56: 交互提示图标 | E56: 触屏交互按钮 | F56: 荒野:F调查;原神/星铁:F交互 | G56: 靠近可交互物弹出键帽提示 | H56: S3,S15 | I56: P0 | J56: S | K56: 1 | L56: 1 | M56: 2 | N56: 0 | O56: 1 | P56: =SUM(K56:O56) | Q56: 待评审
A57: 2.2.2 | B57: 2-快捷键显示 | C57: 2.2 交互界面 | D57: 建造选单提示 | E57: 旅人:制作键→选建造物 | F57: 荒野:快捷盘 | G57: 数字键/方向键选择提示 | H57: S1,S3 | I57: P1 | J57: S | K57: 1 | L57: 1 | M57: 2 | N57: 0 | O57: 1 | P57: =SUM(K57:O57) | Q57: 待评审
A58: 2.2.3 | B58: 2-快捷键显示 | C58: 2.2 交互界面 | D58: 界面底部操作提示栏 | E58: 触屏按钮 | F58: 荒野:确定/返回/翻页/排序键帽栏 | G58: 每个界面接入操作提示栏 | H58: S3 | I58: P0 | J58: L | K58: 2 | L58: =假设参数!$B$2*假设参数!$B$6 | M58: =假设参数!$B$2*假设参数!$B$7 | N58: 0 | O58: 3 | P58: =SUM(K58:O58) | Q58: 待评审 | R58: 随界面数线性增长
A59: 2.2.4 | B59: 2-快捷键显示 | C59: 2.2 交互界面 | D59: 模型预览旋转缩放提示 | E59: 双指手势 | F59: 荒野:1/3旋转、滚轮缩放 | G59: 预览界面提示 | H59: S3 | I59: P2 | J59: S | K59: 0.5 | L59: 0.5 | M59: 1 | N59: 0 | O59: 0.5 | P59: =SUM(K59:O59) | Q59: 待评审
A60: 2.2.5 | B60: 2-快捷键显示 | C60: 2.2 交互界面 | D60: 弹窗确认/取消提示 | E60: 触屏按钮 | F60: 荒野:F/空格确定、右键/Esc取消 | G60: 所有弹窗键帽提示 | H60: S3 | I60: P0 | J60: S | K60: 1 | L60: 1 | M60: 2 | N60: 0 | O60: 1 | P60: =SUM(K60:O60) | Q60: 待评审
A61: 2.2.6 | B61: 2-快捷键显示 | C61: 2.2 交互界面 | D61: 剧情对话推进/跳过 | E61: 触屏点击推进 | F61: 原神:F/空格推进 | G61: 推进/自动/跳过/回看快捷键 | H61: S14,EXP | I61: P1 | J61: S | K61: 1 | L61: 1 | M61: 2 | N61: 0 | O61: 1 | P61: =SUM(K61:O61) | Q61: 待评审
A62: 2.2.7 | B62: 2-快捷键显示 | C62: 2.2 交互界面 | D62: Tooltip内键位提示 | E62: 无悬停 | F62: PC:悬停tooltip | G62: tooltip内嵌键帽 | H62: EXP | I62: P2 | J62: S | K62: 0.5 | L62: 1 | M62: 1 | N62: 0 | O62: 0.5 | P62: =SUM(K62:O62) | Q62: 待评审
A63: 2.3.1 | B63: 2-快捷键显示 | C63: 2.3 系统界面 | D63: 系统菜单入口 | E63: 触屏菜单按钮 | F63: 荒野:Esc/H;星铁:ESC | G63: 战斗中也可Esc呼出 | H63: S3,S15 | I63: P0 | J63: S | K63: 0.5 | L63: 0.5 | M63: 1 | N63: 0 | O63: 0.5 | P63: =SUM(K63:O63) | Q63: 待评审
A64: 2.3.2 | B64: 2-快捷键显示 | C64: 2.3 系统界面 | D64: 系统界面入口键提示 | E64: 触屏按钮 | F64: 荒野:M/I/J/P;星铁:C/B/M/J/F1~F5 | G64: 入口图标旁标快捷键 | H64: S3,S15 | I64: P1 | J64: S | K64: 1 | L64: 2 | M64: 2 | N64: 0 | O64: 1 | P64: =SUM(K64:O64) | Q64: 待评审
A65: 2.3.3 | B65: 2-快捷键显示 | C65: 2.3 系统界面 | D65: 设置界面键盘操作 | E65: 触屏 | F65: 荒野:O选项 | G65: 设置页全键盘/手柄可操作 | H65: S3 | I65: P1 | J65: M | K65: 1 | L65: 1 | M65: 3 | N65: 0 | O65: 2 | P65: =SUM(K65:O65) | Q65: 待评审
A66: 2.3.4 | B66: 2-快捷键显示 | C66: 2.3 系统界面 | D66: 提示显示/隐藏开关 | E66: - | F66: 原神:按键提示可开关 | G66: 提示显隐开关 | H66: S14 | I66: P2 | J66: S | K66: 0.5 | L66: 0.5 | M66: 1 | N66: 0 | O66: 0.5 | P66: =SUM(K66:O66) | Q66: 待评审
A67: 2.3.5 | B67: 2-快捷键显示 | C67: 2.3 系统界面 | D67: 当前界面帮助(F1) | E67: 触屏?按钮 | F67: 原神:F1打开当前界面提示页 | G67: 复杂界面接F1帮助 | H67: S14 | I67: P2 | J67: S | K67: 1 | L67: 1 | M67: 1 | N67: 0 | O67: 0.5 | P67: =SUM(K67:O67) | Q67: 待评审
A68: 2.3.6 | B68: 2-快捷键显示 | C68: 2.3 系统界面 | D68: 游戏内键位一览/出招表 | E68: 触屏教学 | F68: 荒野:出招表;星铁:G教学目录 | G68: 按当前设备显示键位图/出招表 | H68: S3,S15 | I68: P1 | J68: M | K68: 2 | L68: 4 | M68: 3 | N68: 0 | O68: 1 | P68: =SUM(K68:O68) | Q68: 待评审
A69: 2.4.1 | B69: 2-快捷键显示 | C69: 2.4 设备自适应显示 | D69: 最近输入决定图标体系 | E69: - | F69: 鸣潮:手柄识别自动切图标 | G69: 监听I/O,全UI图标体系随最近输入切换 | H69: S9,S22 | I69: P0 | J69: M | K69: 1 | L69: 0 | M69: 4 | N69: 0 | O69: 2 | P69: =SUM(K69:O69) | Q69: 待评审
A70: 2.4.2 | B70: 2-快捷键显示 | C70: 2.4 设备自适应显示 | D70: 图标资源体系 | E70: 触屏按钮图 | F70: 荒野:PS+Xbox双标注 | G70: Xbox+DualSense+键鼠键帽三套图标 | H70: S3,S22 | I70: P0 | J70: L | K70: 2 | L70: 12 | M70: 3 | N70: 0 | O70: 2 | P70: =SUM(K70:O70) | Q70: 待评审
... A76: 2.4.8 | B76: 2-快捷键显示 | C76: 2.4 设备自适应显示 | D76: 键帽模板化动态生成 | E76: - | F76: EXP | G76: 九宫格模板+文字生成键帽,免逐键切图 | H76: EXP | I76: P1 | J76: M | K76: 0.5 | L76: 2 | M76: 3 | N76: 0 | O76: 1 | P76: =SUM(K76:O76) | Q76: 待评审
A77: 2.4.9 | B77: 2-快捷键显示 | C77: 2.4 设备自适应显示 | D77: UI布局模式切换 | E77: - | F77: 绝区零:设置-输入-UI布局手动切键鼠/手柄模式 | G77: 自动切换 vs 手动模式,或两者兼有 | H77: S16 | I77: P1 | J77: M | K77: 2 | L77: 3 | M77: 4 | N77: 0 | O77: 2 | P77: =SUM(K77:O77) | Q77: 待评审 | R77: 需先做决策
A78: 3.1.1 | B78: 3-界面UIUX | C78: 3.1 布局与显示 | D78: 横屏布局基线 | E78: 手机持机 | F78: PC横屏 | G78: 确定PC布局基线 | H78: EXP | I78: P0 | J78: S | K78: 2 | L78: 2 | M78: 1 | N78: 0 | O78: 0.5 | P78: =SUM(K78:O78) | Q78: 待评审
A79: 3.1.2 | B79: 3-界面UIUX | C79: 3.1 布局与显示 | D79: 多分辨率/超宽屏 | E79: 手机固定分辨率 | F79: 荒野/鸣潮:支持超宽屏 | G79: 多分辨率与安全区适配 | H79: S5 | I79: P0 | J79: L | K79: 1 | L79: 4 | M79: 8 | N79: 0 | O79: 4 | P79: =SUM(K79:O79) | Q79: 待评审
A80: 3.1.3 | B80: 3-界面UIUX | C80: 3.1 布局与显示 | D80: UI缩放 | E80: 手机固定 | F80: 鸣潮手机:按键透明度/大小 | G80: UI缩放、HUD大小、透明度 | H80: S6 | I80: P1 | J80: M | K80: 1 | L80: 1 | M80: 4 | N80: 0 | O80: 2 | P80: =SUM(K80:O80) | Q80: 待评审
A81: 3.1.4 | B81: 3-界面UIUX | C81: 3.1 布局与显示 | D81: 状态栏位置 | E81: 旅人:体力/耐力/道具放角色附近 | F81: 荒野PC:左上角固定 | G81: 固定角 vs 环绕角色决策 | H81: S1 | I81: P0 | J81: S | K81: 2 | L81: 2 | M81: 1 | N81: 0 | O81: 0.5 | P81: =SUM(K81:O81) | Q81: 待评审
A82: 3.1.5 | B82: 3-界面UIUX | C82: 3.1 布局与显示 | D82: 窗口模式 | E82: 无 | F82: 原神:窗口/全屏多分辨率 | G82: 全屏/无边框/窗口+拖拽缩放重排 | H82: S14 | I82: P0 | J82: M | K82: 0.5 | L82: 0 | M82: 5 | N82: 1 | O82: 3 | P82: =SUM(K82:O82) | Q82: 待评审
A83: 3.1.6 | B83: 3-界面UIUX | C83: 3.1 布局与显示 | D83: 多显示器/刷新率 | E83: 无 | F83: 鸣潮:显示设备智能切换 | G83: 显示器与刷新率选择 | H83: S10 | I83: P2 | J83: S | K83: 0.5 | L83: 0 | M83: 2 | N83: 0 | O83: 1 | P83: =SUM(K83:O83) | Q83: 待评审
A84: 3.1.7 | B84: 3-界面UIUX | C84: 3.1 布局与显示 | D84: 字号可读性与调节 | E84: 手机近距离 | F84: Steam Deck:最小字高≥9px@800p,建议≥12px并支持自定义 | G84: 最小字号规范+字号调节 | H84: S17,S18 | I84: P1 | J84: M | K84: 1 | L84: 3 | M84: 3 | N84: 0 | O84: 1 | P84: =SUM(K84:O84) | Q84: 待评审
A85: 3.1.8 | B85: 3-界面UIUX | C85: 3.1 布局与显示 | D85: UI资源高清化 | E85: 手机分辨率资源 | F85: PC大屏2K/4K | G85: 关键UI/图标/字体图集重出或矢量化 | H85: EXP | I85: P1 | J85: L | K85: 0 | L85: 15 | M85: 2 | N85: 2 | O85: 1 | P85: =SUM(K85:O85) | Q85: 待评审
A86: 3.2.1 | B86: 3-界面UIUX | C86: 3.2 HUD重排 | D86: 键位提示与按钮分离 | E86: 触屏键位即按钮 | F86: - | G86: 提示跟随输入设备,与技能按钮分离 | H86: EXP | I86: P0 | J86: M | K86: 2 | L86: 4 | M86: 3 | N86: 0 | O86: 1 | P86: =SUM(K86:O86) | Q86: 待评审
A87: 3.2.2 | B87: 3-界面UIUX | C87: 3.2 HUD重排 | D87: 技能按钮去交互化 | E87: 触屏技能键可点 | F87: - | G87: PC端技能图标仅作提示 | H87: EXP | I87: P0 | J87: S | K87: 1 | L87: 1 | M87: 2 | N87: 0 | O87: 1 | P87: =SUM(K87:O87) | Q87: 待评审
A88: 3.2.3 | B88: 3-界面UIUX | C88: 3.2 HUD重排 | D88: 快捷栏布局 | E88: 触屏快捷轮盘 | F88: 荒野:快捷盘+数字栏位 | G88: 横向栏位+F区切换 | H88: S3 | I88: P1 | J88: M | K88: 1 | L88: 3 | M88: 3 | N88: 0 | O88: 1 | P88: =SUM(K88:O88) | Q88: 待评审
A89: 3.2.4 | B89: 3-界面UIUX | C89: 3.2 HUD重排 | D89: 大屏信息密度重排 | E89: 手游UI简化 | F89: 值得买:PC槽点'UI为兼容手机简化,大屏空旷' | G89: 主要界面按大屏重排 | H89: S20 | I89: P1 | J89: XL | K89: 5 | L89: =假设参数!$B$2*假设参数!$B$8 | M89: =假设参数!$B$2*假设参数!$B$9 | N89: 0 | O89: 5 | P89: =SUM(K89:O89) | Q89: 待评审 | R89: 随界面数线性增长
A90: 3.2.5 | B90: 3-界面UIUX | C90: 3.2 HUD重排 | D90: 触屏专属元素隐藏 | E90: 虚拟摇杆/按钮圈 | F90: PC无 | G90: 键鼠/手柄模式隐藏触屏元素 | H90: EXP | I90: P0 | J90: S | K90: 0.5 | L90: 0 | M90: 2 | N90: 0 | O90: 1 | P90: =SUM(K90:O90) | Q90: 待评审
A91: 3.2.6 | B91: 3-界面UIUX | C91: 3.2 HUD重排 | D91: 刘海/安全区逻辑 | E91: 刘海屏安全区 | F91: PC | G91: 替换为PC安全区 | H91: EXP | I91: P2 | J91: S | K91: 0 | L91: 0.5 | M91: 1 | N91: 0 | O91: 0.5 | P91: =SUM(K91:O91) | Q91: 待评审
A92: 3.3.1 | B92: 3-界面UIUX | C92: 3.3 鼠标态交互 | D92: 悬停高亮/tooltip | E92: 无悬停 | F92: 荒野/鸣潮:悬停tooltip | G92: 所有可交互项支持悬停 | H92: EXP | I92: P1 | J92: L | K92: 1 | L92: 3 | M92: =假设参数!$B$2*假设参数!$B$5 | N92: 0 | O92: 3 | P92: =SUM(K92:O92) | Q92: 待评审 | R92: 随界面数线性增长
A93: 3.3.2 | B93: 3-界面UIUX | C93: 3.3 鼠标态交互 | D93: 右键返回 | E93: 触屏返回按钮 | F93: 荒野:菜单内右键返回 | G93: 菜单内右键=返回,与战斗右键区分 | H93: S3 | I93: P0 | J93: S | K93: 1 | L93: 0 | M93: 2 | N93: 0 | O93: 1 | P93: =SUM(K93:O93) | Q93: 待评审
A94: 3.3.3 | B94: 3-界面UIUX | C94: 3.3 鼠标态交互 | D94: 滚轮滚动/缩放 | E94: 惯性滑动 | F94: PC惯例 | G94: 列表滚动/地图缩放统一 | H94: EXP | I94: P1 | J94: S | K94: 0.5 | L94: 0 | M94: 2 | N94: 0 | O94: 1 | P94: =SUM(K94:O94) | Q94: 待评审
A95: 3.3.4 | B95: 3-界面UIUX | C95: 3.3 鼠标态交互 | D95: 点击热区/光标样式 | E95: 触屏大按钮 | F95: PC | G95: 热区、命中反馈、光标样式 | H95: EXP | I95: P1 | J95: M | K95: 1 | L95: 2 | M95: 2 | N95: 0 | O95: 1 | P95: =SUM(K95:O95) | Q95: 待评审
A96: 3.3.5 | B96: 3-界面UIUX | C96: 3.3 鼠标态交互 | D96: 拖拽 | E96: 触屏拖拽 | F96: PC | G96: 地图/建造摆放/背包拖拽 | H96: EXP | I96: P2 | J96: M | K96: 1 | L96: 1 | M96: 4 | N96: 0 | O96: 2 | P96: =SUM(K96:O96) | Q96: 待评审
A97: 3.3.6 | B97: 3-界面UIUX | C97: 3.3 鼠标态交互 | D97: 批量操作 | E97: 触屏长按多选 | F97: PC:双击/Shift多选/Ctrl | G97: 背包/出售/分解批量 | H97: EXP | I97: P2 | J97: M | K97: 1 | L97: 1 | M97: 4 | N97: 0 | O97: 2 | P97: =SUM(K97:O97) | Q97: 待评审
A98: 3.3.7 | B98: 3-界面UIUX | C98: 3.3 鼠标态交互 | D98: 右键上下文菜单 | E98: 长按菜单 | F98: PC惯例 | G98: 道具/好友右键菜单 | H98: EXP | I98: P2 | J98: S | K98: 1 | L98: 1 | M98: 2 | N98: 0 | O98: 1 | P98: =SUM(K98:O98) | Q98: 待评审
A99: 3.3.8 | B99: 3-界面UIUX | C99: 3.3 鼠标态交互 | D99: 滚动条与分页 | E99: 惯性滑动 | F99: PC:滚轮+滚动条 | G99: 长列表加滚动条 | H99: EXP | I99: P1 | J99: S | K99: 0.5 | L99: 1 | M99: 2 | N99: 0 | O99: 1 | P99: =SUM(K99:O99) | Q99: 待评审
A100: 3.4.1 | B100: 3-界面UIUX | C100: 3.4 引导与流程 | D100: 新手引导双轨 | E100: 触屏引导 | F100: 原神/星铁:引导按设备显示 | G100: 引导按输入设备动态切换 | H100: S14,S15 | I100: P0 | J100: L | K100: 4 | L100: 4 | M100: 6 | N100: 0 | O100: 3 | P100: =SUM(K100:O100) | Q100: 待评审
A101: 3.4.2 | B101: 3-界面UIUX | C101: 3.4 引导与流程 | D101: 连招教学 | E101: 触屏连段教学 | F101: 荒野:出招表 | G101: 用键鼠/手柄图标重做 | H101: S3 | I101: P1 | J101: M | K101: 2 | L101: 2 | M101: 3 | N101: 0 | O101: 1 | P101: =SUM(K101:O101) | Q101: 待评审
A102: 3.4.3 | B102: 3-界面UIUX | C102: 3.4 引导与流程 | D102: 部位锁定教学 | E102: 长按锁定教学 | F102: - | G102: 重做键鼠/手柄教学 | H102: S1 | I102: P1 | J102: S | K102: 1 | L102: 1 | M102: 1 | N102: 0 | O102: 0.5 | P102: =SUM(K102:O102) | Q102: 待评审
A103: 3.4.4 | B103: 3-界面UIUX | C103: 3.4 引导与流程 | D103: 登录与启动器 | E103: 微信/QQ授权 | F103: Steam Deck 4.1:启动器需手柄可导航,不建议强制启动器 | G103: PC扫码登录、启动器手柄可操作 | H103: S17 | I103: P0 | J103: M | K103: 2 | L103: 2 | M103: 5 | N103: 0 | O103: 2 | P103: =SUM(K103:O103) | Q103: 待评审
A104: 3.4.5 | B104: 3-界面UIUX | C104: 3.4 引导与流程 | D104: H5/WebView页面 | E104: 手机内嵌H5 | F104: PC | G104: 活动/支付/公告页键鼠手柄可操作、尺寸适配 | H104: EXP | I104: P1 | J104: M | K104: 1 | L104: 2 | M104: 5 | N104: 0 | O104: 3 | P104: =SUM(K104:O104) | Q104: 待评审
... A107: 3.5.3 | B107: 3-界面UIUX | C107: 3.5 系统集成 | D107: 退出确认(Alt+F4) | E107: 划掉后台 | F107: PC | G107: 关闭窗口确认/安全存档 | H107: EXP | I107: P1 | J107: S | K107: 0.5 | L107: 0.5 | M107: 1 | N107: 0 | O107: 1 | P107: =SUM(K107:O107) | Q107: 待评审
A108: 3.5.4 | B108: 3-界面UIUX | C108: 3.5 系统集成 | D108: 自动寻路等手游便利功能 | E108: 手游常见 | F108: 值得买:PC玩家对自动寻路有'端游感缺失'槽点 | G108: 评估保留、加快捷键或PC端弱化 | H108: S20 | I108: P2 | J108: S | K108: 2 | L108: 0 | M108: 1 | N108: 0 | O108: 0.5 | P108: =SUM(K108:O108) | Q108: 待评审 | R108: 偏策划决策
A109: 4.1.1 | B109: 4-画面与性能 | C109: 4.1 画质选项 | D109: 分辨率/渲染比例 | E109: 手机固定/缩放 | F109: 荒野:渲染比例可调 | G109: 分辨率+渲染比例 | H109: S5 | I109: P0 | J109: M | K109: 0.5 | L109: 0 | M109: 2 | N109: 3 | O109: 2 | P109: =SUM(K109:O109) | Q109: 待评审
...

Sheet 参考来源
A1: 编号 | B1: 来源 | C1: 提取要点 | D1: 链接
A2: S1 | B2: Fami通TGS试玩报告(篝火转载) | C2: 旅人手机端:摇杆/技能连段/长按锁定部位/建造/状态栏就近 | D2: https://gouhuo.qq.com/content/detail/0_20250928163049_S1o9Vaz0N
A3: S2 | B3: 九游 旅人操作技巧 | C3: 点按轻击、长按重击 | D3: https://www.9game.cn/gwlrlr/11803558.html
A4: S3 | B4: 游侠网 荒野操作指南 | C4: 荒野键鼠/手柄全系统键位 | D4: https://gl.ali213.net/html/2025-2/1616997.html
A5: S4 | B5: 游民星空 荒野基本操作 | C5: 荒野手柄/键盘操作表 | D5: https://www.gamersky.com/handbook/202410/1836587.shtml
A6: S5 | B6: 游民星空 荒野画面优化 | C6: 荒野PC画质设置项 | D6: https://www.gamersky.com/handbook/202503/1896172.shtml
A7: S6 | B7: NTGame 鸣潮操作与设置 | C7: 鸣潮PC键鼠/手柄/触屏/设置建议 | D7: https://ntgame.com/wutheringwaves/controls/
A8: S7 | B8: 百度知道 电脑和手机玩鸣潮的区别 | C8: 端手操作与画质差异 | D8: https://zhidao.baidu.com/question/574515698126485364.html
A9: S8 | B9: 什么值得买 鸣潮画质对比 | C9: 端手画质差异 | D9: https://post.smzdm.com/zz/p/ako3z4l9/
A10: S9 | B10: 百度贴吧 鸣潮键鼠手柄热切换 | C10: 动设备自动切换界面 | D10: https://tieba.baidu.com/p/9025269279
A11: S10 | B11: B站 鸣潮显示设备切换 | C11: 多显示器/串流判定 | D11: https://www.bilibili.com/video/BV1riKh66EaU
A12: S11 | B12: NGA 鸣潮优化设置 | C12: NVIDIA Reflex隐藏选项 | D12: https://bbs.nga.cn/read.php?tid=46245547
... A24: S23 | B24: 什么值得买 荒野操作&画面设置 | C24: 低配降纹理、关泛光动态模糊 | D24: https://post.m.smzdm.com/zz/p/a447zrwl/
A25: EXP | B25: 行业经验 | C25: 无直接公开来源,需内部技术确认
